id;username;nama;alamat;password;role
1;zhillan;Zhillan Attarizal Rezyarifin;Jl. Discord Empayer, Bandung;4948454534535255049048478494845756551505;admin
2;steven;Steven;Jl. Rumput yang Bergoyang, No. 420;4948454534535255049048478504904847851505;admin
3;raka;Tubagus Baraka Kautsar S.;Jl. Yang Lurus, No. 69;4948454534535255049048478515055352551505;admin
4;jonathan;Jonathan;Jl. Di Ujung Langit, No. 77;4948454534535255049048478525124948451505;admin
5;thousandface;Ai Hayasaka;Sengaku-Ji, Minato Ward;504905453455545575655655648478;user
6;ultpianist;Kaede Akamatsu;Jl. Ultimate Academy, Tokyo;515055150556556525125756553525;user
7;aquasama;Aqua-sama;Jl. Mansion No.1, Axel;494845756553525504905655655545;user
8;darkness;Dustiness Ford Lalatina;Jl. Mansion No.1, Axel;494845655652512555455554555545;user
9;chizumizu;Chizuru Ichinose;Royal Hills Nerima No.204, Tokyo;515055251248478535255049051505;user
10;hiyapeko;Usada Pekora;Jl. Hololive;4948454534535255049048478545345453454534;user
